{
  "name": "industry",
  "children": [
    {"name": "Entertainment", "size": 66, "color": 1},
    {"name": "Education", "size": 61, "color": 1},
    {"name": "Media", "size": 57, "color": 1},
    {"name": "Healthcare", "size": 55, "color": 1},
    {"name": "Travel", "size": 55, "color": 1},

    {"name": "Technology", "size": 44, "color": 2},
    {"name": "Real Estate", "size": 41, "color": 2},
    {"name": "Government", "size": 39, "color": 2},
    {"name": "Engineering", "size": 37, "color": 2},
    {"name": "Aerospace", "size": 35, "color": 2},
    {"name": "Retail", "size": 33, "color": 2},

    {"name": "Transportation", "size": 33, "color": 3},
    {"name": "Manufacturing", "size": 25, "color": 3},
    {"name": "Telecommunications", "size": 24, "color": 3},
    {"name": "Construction", "size": 18, "color": 3},
    {"name": "Utilities", "size": 12, "color": 3},

    {"name": "Financial/Banking", "size": 11, "color": 4},
    {"name": "Insurance", "size": 8, "color": 4},
    {"name": "Legal", "size": 2, "color": 4},
    {"name": "Other", "size": 4, "color": 4}
  ]
}